<application>
  <component name="ProjectJdkTable">
    <jdk version="2">
      <name value="rbenv: 2.5.1" />
      <type value="RUBY_SDK" />
      <version value="ver.2.5.1p57 ( revision 63029) p57" />
      <homePath value="$USER_HOME$/.rbenv/versions/2.5.1/bin/ruby" />
      <roots>
        <classPath>
          <root type="composite">
            <root url="file://$USER_HOME$/.rbenv/versions/2.5.1/lib/ruby/site_ruby/2.5.0" type="simple" />
            <root url="file://$USER_HOME$/.rbenv/versions/2.5.1/lib/ruby/site_ruby/2.5.0/x86_64-darwin18" type="simple" />
            <root url="file://$USER_HOME$/.rbenv/versions/2.5.1/lib/ruby/site_ruby" type="simple" />
            <root url="file://$USER_HOME$/.rbenv/versions/2.5.1/lib/ruby/vendor_ruby/2.5.0" type="simple" />
            <root url="file://$USER_HOME$/.rbenv/versions/2.5.1/lib/ruby/vendor_ruby/2.5.0/x86_64-darwin18" type="simple" />
            <root url="file://$USER_HOME$/.rbenv/versions/2.5.1/lib/ruby/vendor_ruby" type="simple" />
            <root url="file://$USER_HOME$/.rbenv/versions/2.5.1/lib/ruby/2.5.0" type="simple" />
            <root url="file://$USER_HOME$/.rbenv/versions/2.5.1/lib/ruby/2.5.0/x86_64-darwin18" type="simple" />
            <root url="file://$APPLICATION_HOME_DIR$/rubystubs25" type="simple" />
          </root>
        </classPath>
        <sourcePath>
          <root type="composite">
            <root url="file://$USER_HOME$/.rbenv/versions/2.5.1/lib/ruby/site_ruby/2.5.0" type="simple" />
            <root url="file://$USER_HOME$/.rbenv/versions/2.5.1/lib/ruby/site_ruby/2.5.0/x86_64-darwin18" type="simple" />
            <root url="file://$USER_HOME$/.rbenv/versions/2.5.1/lib/ruby/site_ruby" type="simple" />
            <root url="file://$USER_HOME$/.rbenv/versions/2.5.1/lib/ruby/vendor_ruby/2.5.0" type="simple" />
            <root url="file://$USER_HOME$/.rbenv/versions/2.5.1/lib/ruby/vendor_ruby/2.5.0/x86_64-darwin18" type="simple" />
            <root url="file://$USER_HOME$/.rbenv/versions/2.5.1/lib/ruby/vendor_ruby" type="simple" />
            <root url="file://$USER_HOME$/.rbenv/versions/2.5.1/lib/ruby/2.5.0" type="simple" />
            <root url="file://$USER_HOME$/.rbenv/versions/2.5.1/lib/ruby/2.5.0/x86_64-darwin18" type="simple" />
            <root url="file://$APPLICATION_HOME_DIR$/rubystubs25" type="simple" />
          </root>
        </sourcePath>
      </roots>
      <additional NORMALIZED_VERSION_STRING="ver.2.5.1p57 ( revision 63029) p57" version="1" GEMS_BIN_DIR_PATH="$USER_HOME$/.rbenv/versions/2.5.1/bin">
        <VERSION_MANAGER ID="rbenv">
          <option name="gemset-name" />
          <distribution-id>2.5.1</distribution-id>
          <version-manager-path>/usr/local/bin/rbenv</version-manager-path>
        </VERSION_MANAGER>
        <RbConfig>
          <item key="AR" value="libtool -static" />
          <item key="ARFLAGS" value="-no_warning_for_no_symbols -o " />
          <item key="AS" value="as" />
          <item key="ASMEXT" value="S" />
          <item key="BUILTIN_TRANSSRCS" value=" enc/trans/newline.c" />
          <item key="CC" value="clang" />
          <item key="CCDLFLAGS" value="-fno-common" />
          <item key="CC_VERSION" value="clang --version" />
          <item key="CC_VERSION_MESSAGE" value="Apple LLVM version 10.0.1 (clang-1001.0.46.3)&#10;Target: x86_64-apple-darwin18.5.0&#10;Thread model: posix&#10;InstalledDir: /Library/Developer/CommandLineTools/usr/bin" />
          <item key="CFLAGS" value=" -O3 -Wno-error=shorten-64-to-32  -pipe" />
          <item key="CHDIR" value="cd -P" />
          <item key="CONFIGURE" value="configure" />
          <item key="COUTFLAG" value="-o " />
          <item key="CP" value="cp" />
          <item key="CPP" value="clang -E" />
          <item key="CPPFLAGS" value="-I/Users/1111710/.rbenv/versions/2.5.1/include  -D_XOPEN_SOURCE -D_DARWIN_C_SOURCE -D_DARWIN_UNLIMITED_SELECT -D_REENTRANT  " />
          <item key="CPPOUTFILE" value="-o conftest.i" />
          <item key="CROSS_COMPILING" value="no" />
          <item key="CXX" value="clang++" />
          <item key="CXXFLAGS" value="-O3 -ggdb3 -Wall -Wextra -Wno-unused-parameter -Wno-parentheses -Wno-long-long -Wno-missing-field-initializers -Wno-tautological-compare -Wno-parentheses-equality -Wno-constant-logical-operand -Wno-self-assign -Wunused-variable -Wimplicit-int -Wpointer-arith -Wwrite-strings -Wdeclaration-after-statement -Wshorten-64-to-32 -Wimplicit-function-declaration -Wdivision-by-zero -Wdeprecated-declarations -Wextra-tokens" />
          <item key="DLDFLAGS" value="-L/Users/1111710/.rbenv/versions/2.5.1/lib  -Wl,-undefined,dynamic_lookup -Wl,-multiply_defined,suppress" />
          <item key="DLEXT" value="bundle" />
          <item key="DLNOBJ" value="dln.o" />
          <item key="ECHO_C" value="\\c" />
          <item key="EGREP" value="/usr/bin/grep -E" />
          <item key="ENABLE_SHARED" value="no" />
          <item key="EXTOUT" value=".ext" />
          <item key="GCC" value="yes" />
          <item key="GIT" value="git" />
          <item key="GNU_LD" value="no" />
          <item key="GREP" value="/usr/bin/grep" />
          <item key="HAVE_GIT" value="yes" />
          <item key="INSTALL" value="/usr/bin/install -c" />
          <item key="INSTALL_DATA" value="/usr/bin/install -c -m 644" />
          <item key="INSTALL_PROGRAM" value="/usr/bin/install -c" />
          <item key="INSTALL_SCRIPT" value="/usr/bin/install -c" />
          <item key="INSTALL_STATIC_LIBRARY" value="yes" />
          <item key="LD" value="ld" />
          <item key="LDFLAGS" value="-L. -L/Users/1111710/.rbenv/versions/2.5.1/lib  -fstack-protector -L/usr/local/lib" />
          <item key="LDSHARED" value="clang -dynamic -bundle" />
          <item key="LDSHAREDXX" value="clang++ -dynamic -bundle" />
          <item key="LIBEXT" value="a" />
          <item key="LIBPATHENV" value="DYLD_LIBRARY_PATH" />
          <item key="LIBPATHFLAG" value=" -L%s" />
          <item key="LIBRUBY" value="libruby.2.5.1-static.a" />
          <item key="LIBRUBYARG" value="-lruby.2.5.1-static -framework Foundation" />
          <item key="LIBRUBYARG_STATIC" value="-lruby.2.5.1-static -framework Foundation" />
          <item key="LIBRUBY_A" value="libruby.2.5.1-static.a" />
          <item key="LIBRUBY_ALIASES" value="libruby.2.5.1.dylib" />
          <item key="LIBRUBY_RELATIVE" value="no" />
          <item key="LIBRUBY_SO" value="libruby.2.5.1.dylib.2.5.1" />
          <item key="LIBRUBY_SONAME" value="libruby.2.5.1.dylib.2.5" />
          <item key="LIBS" value="-lpthread -ldl -lobjc" />
          <item key="LINK_SO" value="&#10;dsymutil $@; { test -z '$(RUBY_CODESIGN)' || codesign -s '$(RUBY_CODESIGN)' -f $@; }" />
          <item key="LN_S" value="ln -s" />
          <item key="MAJOR" value="2" />
          <item key="MAKEDIRS" value="mkdir -p" />
          <item key="MAKEFILES" value="Makefile GNUmakefile" />
          <item key="MANTYPE" value="doc" />
          <item key="MINOR" value="5" />
          <item key="MKDIR_P" value="mkdir -p" />
          <item key="NM" value="nm" />
          <item key="NULLCMD" value=":" />
          <item key="OBJCOPY" value=":" />
          <item key="OBJDUMP" value="objdump" />
          <item key="OBJEXT" value="o" />
          <item key="OUTFLAG" value="-o " />
          <item key="PACKAGE" value="ruby" />
          <item key="PATCHLEVEL" value="57" />
          <item key="PATH_SEPARATOR" value=":" />
          <item key="PKG_CONFIG" value="pkg-config" />
          <item key="POSTLINK" value="dsymutil $@; { test -z '$(RUBY_CODESIGN)' || codesign -s '$(RUBY_CODESIGN)' -f $@; }" />
          <item key="PRELOADENV" value="DYLD_INSERT_LIBRARIES" />
          <item key="PREP" value="miniruby exe/$(PROGRAM)" />
          <item key="RANLIB" value=":" />
          <item key="RI_BASE_NAME" value="ri" />
          <item key="RM" value="rm -f" />
          <item key="RMALL" value="rm -fr" />
          <item key="RMDIR" value="rmdir" />
          <item key="RMDIRS" value="rmdir -p" />
          <item key="RUBYW_BASE_NAME" value="rubyw" />
          <item key="RUBY_API_VERSION" value="2.5" />
          <item key="RUBY_BASE_NAME" value="ruby" />
          <item key="RUBY_EXEC_PREFIX" value="$USER_HOME$/.rbenv/versions/2.5.1" />
          <item key="RUBY_INSTALL_NAME" value="ruby" />
          <item key="RUBY_LIB_VERSION_STYLE" value="3&#9;/* full */" />
          <item key="RUBY_PROGRAM_VERSION" value="2.5.1" />
          <item key="RUBY_SO_NAME" value="ruby.2.5.1" />
          <item key="RUBY_VERSION_NAME" value="ruby-2.5.0" />
          <item key="SHELL" value="/bin/sh" />
          <item key="SOEXT" value="dylib" />
          <item key="STRIP" value="strip -A -n" />
          <item key="SYMBOL_PREFIX" value="_" />
          <item key="TEENY" value="1" />
          <item key="TEST_RUNNABLE" value="yes" />
          <item key="THREAD_MODEL" value="pthread" />
          <item key="UNICODE_VERSION" value="10.0.0" />
          <item key="USE_RUBYGEMS" value="YES" />
          <item key="WERRORFLAG" value="-Werror" />
          <item key="arch" value="x86_64-darwin18" />
          <item key="archdir" value="$USER_HOME$/.rbenv/versions/2.5.1/lib/ruby/2.5.0/x86_64-darwin18" />
          <item key="archincludedir" value="$USER_HOME$/.rbenv/versions/2.5.1/include/x86_64-darwin18" />
          <item key="archlibdir" value="$USER_HOME$/.rbenv/versions/2.5.1/lib/x86_64-darwin18" />
          <item key="bindir" value="$USER_HOME$/.rbenv/versions/2.5.1/bin" />
          <item key="build" value="x86_64-apple-darwin18.5.0" />
          <item key="build_cpu" value="x86_64" />
          <item key="build_os" value="darwin18.5.0" />
          <item key="build_vendor" value="apple" />
          <item key="cflags" value="-O3 -ggdb3 -Wall -Wextra -Wno-unused-parameter -Wno-parentheses -Wno-long-long -Wno-missing-field-initializers -Wno-tautological-compare -Wno-parentheses-equality -Wno-constant-logical-operand -Wno-self-assign -Wunused-variable -Wimplicit-int -Wpointer-arith -Wwrite-strings -Wdeclaration-after-statement -Wshorten-64-to-32 -Wimplicit-function-declaration -Wdivision-by-zero -Wdeprecated-declarations -Wextra-tokens" />
          <item key="codesign" value="codesign" />
          <item key="configure_args" value=" '--prefix=/Users/1111710/.rbenv/versions/2.5.1' '--with-openssl-dir=/usr/local/opt/openssl' 'CC=clang' 'CFLAGS= -O3 -Wno-error=shorten-64-to-32 ' 'LDFLAGS=-L/Users/1111710/.rbenv/versions/2.5.1/lib ' 'CPPFLAGS=-I/Users/1111710/.rbenv/versions/2.5.1/include '" />
          <item key="cxxflags" value="-O3 -ggdb3 -Wall -Wextra -Wno-unused-parameter -Wno-parentheses -Wno-long-long -Wno-missing-field-initializers -Wno-tautological-compare -Wno-parentheses-equality -Wno-constant-logical-operand -Wno-self-assign -Wunused-variable -Wimplicit-int -Wpointer-arith -Wwrite-strings -Wdeclaration-after-statement -Wshorten-64-to-32 -Wimplicit-function-declaration -Wdivision-by-zero -Wdeprecated-declarations -Wextra-tokens" />
          <item key="datadir" value="$USER_HOME$/.rbenv/versions/2.5.1/share" />
          <item key="datarootdir" value="$USER_HOME$/.rbenv/versions/2.5.1/share" />
          <item key="debugflags" value="-ggdb3" />
          <item key="docdir" value="$USER_HOME$/.rbenv/versions/2.5.1/share/doc/ruby" />
          <item key="dsymutil" value="dsymutil" />
          <item key="dvidir" value="$USER_HOME$/.rbenv/versions/2.5.1/share/doc/ruby" />
          <item key="exec" value="exec" />
          <item key="exec_prefix" value="$USER_HOME$/.rbenv/versions/2.5.1" />
          <item key="host" value="x86_64-apple-darwin18.5.0" />
          <item key="host_cpu" value="x86_64" />
          <item key="host_os" value="darwin18.5.0" />
          <item key="host_vendor" value="apple" />
          <item key="htmldir" value="$USER_HOME$/.rbenv/versions/2.5.1/share/doc/ruby" />
          <item key="includedir" value="$USER_HOME$/.rbenv/versions/2.5.1/include" />
          <item key="infodir" value="$USER_HOME$/.rbenv/versions/2.5.1/share/info" />
          <item key="libdir" value="$USER_HOME$/.rbenv/versions/2.5.1/lib" />
          <item key="libdirname" value="libdir" />
          <item key="libexecdir" value="$USER_HOME$/.rbenv/versions/2.5.1/libexec" />
          <item key="localedir" value="$USER_HOME$/.rbenv/versions/2.5.1/share/locale" />
          <item key="localstatedir" value="$USER_HOME$/.rbenv/versions/2.5.1/var" />
          <item key="mandir" value="$USER_HOME$/.rbenv/versions/2.5.1/share/man" />
          <item key="oldincludedir" value="/usr/include" />
          <item key="optflags" value="-O3" />
          <item key="pdfdir" value="$USER_HOME$/.rbenv/versions/2.5.1/share/doc/ruby" />
          <item key="prefix" value="$USER_HOME$/.rbenv/versions/2.5.1" />
          <item key="psdir" value="$USER_HOME$/.rbenv/versions/2.5.1/share/doc/ruby" />
          <item key="ridir" value="$USER_HOME$/.rbenv/versions/2.5.1/share/ri" />
          <item key="ruby_install_name" value="ruby" />
          <item key="ruby_pc" value="ruby-2.5.pc" />
          <item key="ruby_version" value="2.5.0" />
          <item key="rubyarchdir" value="$USER_HOME$/.rbenv/versions/2.5.1/lib/ruby/2.5.0/x86_64-darwin18" />
          <item key="rubyarchhdrdir" value="$USER_HOME$/.rbenv/versions/2.5.1/include/ruby-2.5.0/x86_64-darwin18" />
          <item key="rubyarchprefix" value="$USER_HOME$/.rbenv/versions/2.5.1/lib/ruby/x86_64-darwin18" />
          <item key="rubyhdrdir" value="$USER_HOME$/.rbenv/versions/2.5.1/include/ruby-2.5.0" />
          <item key="rubylibdir" value="$USER_HOME$/.rbenv/versions/2.5.1/lib/ruby/2.5.0" />
          <item key="rubylibprefix" value="$USER_HOME$/.rbenv/versions/2.5.1/lib/ruby" />
          <item key="rubysitearchprefix" value="$USER_HOME$/.rbenv/versions/2.5.1/lib/ruby/x86_64-darwin18" />
          <item key="sbindir" value="$USER_HOME$/.rbenv/versions/2.5.1/sbin" />
          <item key="setup" value="Setup" />
          <item key="sharedstatedir" value="$USER_HOME$/.rbenv/versions/2.5.1/com" />
          <item key="sitearch" value="x86_64-darwin18" />
          <item key="sitearchdir" value="$USER_HOME$/.rbenv/versions/2.5.1/lib/ruby/site_ruby/2.5.0/x86_64-darwin18" />
          <item key="sitearchhdrdir" value="$USER_HOME$/.rbenv/versions/2.5.1/include/ruby-2.5.0/site_ruby/x86_64-darwin18" />
          <item key="sitearchincludedir" value="$USER_HOME$/.rbenv/versions/2.5.1/include/x86_64-darwin18" />
          <item key="sitearchlibdir" value="$USER_HOME$/.rbenv/versions/2.5.1/lib/x86_64-darwin18" />
          <item key="sitedir" value="$USER_HOME$/.rbenv/versions/2.5.1/lib/ruby/site_ruby" />
          <item key="sitehdrdir" value="$USER_HOME$/.rbenv/versions/2.5.1/include/ruby-2.5.0/site_ruby" />
          <item key="sitelibdir" value="$USER_HOME$/.rbenv/versions/2.5.1/lib/ruby/site_ruby/2.5.0" />
          <item key="sysconfdir" value="$USER_HOME$/.rbenv/versions/2.5.1/etc" />
          <item key="target" value="x86_64-apple-darwin18" />
          <item key="target_cpu" value="x86_64" />
          <item key="target_os" value="darwin18" />
          <item key="target_vendor" value="apple" />
          <item key="topdir" value="$USER_HOME$/.rbenv/versions/2.5.1/lib/ruby/2.5.0/x86_64-darwin18" />
          <item key="vendorarchdir" value="$USER_HOME$/.rbenv/versions/2.5.1/lib/ruby/vendor_ruby/2.5.0/x86_64-darwin18" />
          <item key="vendorarchhdrdir" value="$USER_HOME$/.rbenv/versions/2.5.1/include/ruby-2.5.0/vendor_ruby/x86_64-darwin18" />
          <item key="vendordir" value="$USER_HOME$/.rbenv/versions/2.5.1/lib/ruby/vendor_ruby" />
          <item key="vendorhdrdir" value="$USER_HOME$/.rbenv/versions/2.5.1/include/ruby-2.5.0/vendor_ruby" />
          <item key="vendorlibdir" value="$USER_HOME$/.rbenv/versions/2.5.1/lib/ruby/vendor_ruby/2.5.0" />
          <item key="warnflags" value="-Wall -Wextra -Wno-unused-parameter -Wno-parentheses -Wno-long-long -Wno-missing-field-initializers -Wno-tautological-compare -Wno-parentheses-equality -Wno-constant-logical-operand -Wno-self-assign -Wunused-variable -Wimplicit-int -Wpointer-arith -Wwrite-strings -Wdeclaration-after-statement -Wshorten-64-to-32 -Wimplicit-function-declaration -Wdivision-by-zero -Wdeprecated-declarations -Wextra-tokens" />
        </RbConfig>
      </additional>
    </jdk>
    <jdk version="2">
      <name value="Remote: ruby-2.5.1-p57" />
      <type value="RUBY_SDK" />
      <version value="ver.2.5.1p57 ( revision 63029) p57" />
      <homePath value="docker-compose://[/Users/1111710/dev/project/axis_server/docker-compose.yml]:app//usr/local/bin/ruby" />
      <roots>
        <classPath>
          <root type="composite">
            <root url="file://$USER_HOME$/Library/Caches/RubyMine2019.1/ruby_stubs/1069378095/usr/local/lib/ruby/gems/2.5.0/gems" type="simple" />
            <root url="file://$USER_HOME$/Library/Caches/RubyMine2019.1/ruby_stubs/1069378095/usr/local/bundle/gems" type="simple" />
            <root url="file://$USER_HOME$/Library/Caches/RubyMine2019.1/ruby_stubs/1069378095/root/.gem/ruby/2.5.0/gems" type="simple" />
            <root url="file://$USER_HOME$/Library/Caches/RubyMine2019.1/ruby_stubs/1069378095/usr/local/lib/ruby/site_ruby/2.5.0" type="simple" />
            <root url="file://$USER_HOME$/Library/Caches/RubyMine2019.1/ruby_stubs/1069378095/usr/local/lib/ruby/site_ruby/2.5.0/x86_64-linux" type="simple" />
            <root url="file://$USER_HOME$/Library/Caches/RubyMine2019.1/ruby_stubs/1069378095/usr/local/lib/ruby/site_ruby" type="simple" />
            <root url="file://$USER_HOME$/Library/Caches/RubyMine2019.1/ruby_stubs/1069378095/usr/local/lib/ruby/vendor_ruby/2.5.0" type="simple" />
            <root url="file://$USER_HOME$/Library/Caches/RubyMine2019.1/ruby_stubs/1069378095/usr/local/lib/ruby/vendor_ruby/2.5.0/x86_64-linux" type="simple" />
            <root url="file://$USER_HOME$/Library/Caches/RubyMine2019.1/ruby_stubs/1069378095/usr/local/lib/ruby/vendor_ruby" type="simple" />
            <root url="file://$USER_HOME$/Library/Caches/RubyMine2019.1/ruby_stubs/1069378095/usr/local/lib/ruby/2.5.0" type="simple" />
            <root url="file://$USER_HOME$/Library/Caches/RubyMine2019.1/ruby_stubs/1069378095/usr/local/lib/ruby/2.5.0/x86_64-linux" type="simple" />
            <root url="file://$APPLICATION_HOME_DIR$/rubystubs25" type="simple" />
          </root>
        </classPath>
        <sourcePath>
          <root type="composite">
            <root url="file://$USER_HOME$/Library/Caches/RubyMine2019.1/ruby_stubs/1069378095/usr/local/lib/ruby/gems/2.5.0/gems" type="simple" />
            <root url="file://$USER_HOME$/Library/Caches/RubyMine2019.1/ruby_stubs/1069378095/usr/local/bundle/gems" type="simple" />
            <root url="file://$USER_HOME$/Library/Caches/RubyMine2019.1/ruby_stubs/1069378095/root/.gem/ruby/2.5.0/gems" type="simple" />
            <root url="file://$USER_HOME$/Library/Caches/RubyMine2019.1/ruby_stubs/1069378095/usr/local/lib/ruby/site_ruby/2.5.0" type="simple" />
            <root url="file://$USER_HOME$/Library/Caches/RubyMine2019.1/ruby_stubs/1069378095/usr/local/lib/ruby/site_ruby/2.5.0/x86_64-linux" type="simple" />
            <root url="file://$USER_HOME$/Library/Caches/RubyMine2019.1/ruby_stubs/1069378095/usr/local/lib/ruby/site_ruby" type="simple" />
            <root url="file://$USER_HOME$/Library/Caches/RubyMine2019.1/ruby_stubs/1069378095/usr/local/lib/ruby/vendor_ruby/2.5.0" type="simple" />
            <root url="file://$USER_HOME$/Library/Caches/RubyMine2019.1/ruby_stubs/1069378095/usr/local/lib/ruby/vendor_ruby/2.5.0/x86_64-linux" type="simple" />
            <root url="file://$USER_HOME$/Library/Caches/RubyMine2019.1/ruby_stubs/1069378095/usr/local/lib/ruby/vendor_ruby" type="simple" />
            <root url="file://$USER_HOME$/Library/Caches/RubyMine2019.1/ruby_stubs/1069378095/usr/local/lib/ruby/2.5.0" type="simple" />
            <root url="file://$USER_HOME$/Library/Caches/RubyMine2019.1/ruby_stubs/1069378095/usr/local/lib/ruby/2.5.0/x86_64-linux" type="simple" />
            <root url="file://$APPLICATION_HOME_DIR$/rubystubs25" type="simple" />
          </root>
        </sourcePath>
      </roots>
      <additional NORMALIZED_VERSION_STRING="ver.2.5.1p57 ( revision 63029) p57" version="1" GEMS_BIN_DIR_PATH="$USER_HOME$/Library/Caches/RubyMine2019.1/ruby_stubs/1069378095/usr/local/bundle/bin" DATA-VERSION="2" DOCKER_ACCOUNT_NAME="Docker" DOCKER_COMPOSE_SERVICE_NAME="app" DOCKER_REMOTE_PROJECT_PATH="/opt/project" INTERPRETER_PATH="/usr/local/bin/ruby" HELPERS_PATH="/opt/.rubymine_helpers" INITIALIZED="false" VALID="true" RUN_AS_ROOT_VIA_SUDO="false" AVAILABLE_FOR_NEW_PROJECTS="false">
        <VERSION_MANAGER ID="system" />
        <RbConfig>
          <item key="AR" value="ar" />
          <item key="ARFLAGS" value="rcD " />
          <item key="AS" value="as" />
          <item key="ASMEXT" value="S" />
          <item key="BUILTIN_TRANSSRCS" value=" enc/trans/newline.c" />
          <item key="CC" value="gcc" />
          <item key="CCDLFLAGS" value="-fPIC" />
          <item key="CC_VERSION" value="gcc --version" />
          <item key="CC_VERSION_MESSAGE" value="gcc (Debian 6.3.0-18+deb9u1) 6.3.0 20170516&#10;Copyright (C) 2016 Free Software Foundation, Inc.&#10;This is free software; see the source for copying conditions.  There is NO&#10;warranty; not even for MERCHANTABILITY or FITNESS FOR A PARTICULAR PURPOSE." />
          <item key="CFLAGS" value="-O3 -ggdb3 -Wall -Wextra -Wno-unused-parameter -Wno-parentheses -Wno-long-long -Wno-missing-field-initializers -Wno-tautological-compare -Wno-parentheses-equality -Wno-constant-logical-operand -Wno-self-assign -Wunused-variable -Wimplicit-int -Wpointer-arith -Wwrite-strings -Wdeclaration-after-statement -Wimplicit-function-declaration -Wdeprecated-declarations -Wmisleading-indentation -Wno-packed-bitfield-compat -Wsuggest-attribute=noreturn -Wsuggest-attribute=format -Wduplicated-cond -Wno-maybe-uninitialized  -fPIC" />
          <item key="CHDIR" value="cd -P" />
          <item key="CONFIGURE" value="configure" />
          <item key="COUTFLAG" value="-o " />
          <item key="CP" value="cp" />
          <item key="CPP" value="gcc -E" />
          <item key="CPPFLAGS" value="  " />
          <item key="CPPOUTFILE" value="-o conftest.i" />
          <item key="CROSS_COMPILING" value="no" />
          <item key="CXX" value="g++" />
          <item key="CXXFLAGS" value="-O3 -ggdb3 -Wall -Wextra -Wno-unused-parameter -Wno-parentheses -Wno-long-long -Wno-missing-field-initializers -Wno-tautological-compare -Wno-parentheses-equality -Wno-constant-logical-operand -Wno-self-assign -Wunused-variable -Wimplicit-int -Wpointer-arith -Wwrite-strings -Wdeclaration-after-statement -Wimplicit-function-declaration -Wdeprecated-declarations -Wmisleading-indentation -Wno-packed-bitfield-compat -Wsuggest-attribute=noreturn -Wsuggest-attribute=format -Wduplicated-cond -Wno-maybe-uninitialized" />
          <item key="DLDFLAGS" value="-Wl,--compress-debug-sections=zlib" />
          <item key="DLDLIBS" value=" -lc" />
          <item key="DLEXT" value="so" />
          <item key="DLNOBJ" value="dln.o" />
          <item key="ECHO_N" value="-n" />
          <item key="EGREP" value="/bin/grep -E" />
          <item key="ENABLE_SHARED" value="yes" />
          <item key="EXTOUT" value=".ext" />
          <item key="GCC" value="yes" />
          <item key="GIT" value="git" />
          <item key="GNU_LD" value="yes" />
          <item key="GREP" value="/bin/grep" />
          <item key="HAVE_GIT" value="yes" />
          <item key="INSTALL" value="/usr/bin/install -c" />
          <item key="INSTALL_DATA" value="/usr/bin/install -c -m 644" />
          <item key="INSTALL_PROGRAM" value="/usr/bin/install -c" />
          <item key="INSTALL_SCRIPT" value="/usr/bin/install -c" />
          <item key="INSTALL_STATIC_LIBRARY" value="no" />
          <item key="LD" value="ld" />
          <item key="LDFLAGS" value="-L. -fstack-protector -rdynamic -Wl,-export-dynamic" />
          <item key="LDSHARED" value="gcc -shared" />
          <item key="LDSHAREDXX" value="g++ -shared" />
          <item key="LIBEXT" value="a" />
          <item key="LIBPATHENV" value="LD_LIBRARY_PATH" />
          <item key="LIBPATHFLAG" value=" -L%1$-s" />
          <item key="LIBRUBY" value="libruby.so.2.5.1" />
          <item key="LIBRUBYARG" value="-Wl,-rpath,/usr/local/lib -L/usr/local/lib -lruby" />
          <item key="LIBRUBYARG_SHARED" value="-Wl,-rpath,/usr/local/lib -L/usr/local/lib -lruby" />
          <item key="LIBRUBYARG_STATIC" value="-Wl,-rpath,/usr/local/lib -L/usr/local/lib -lruby-static" />
          <item key="LIBRUBY_A" value="libruby-static.a" />
          <item key="LIBRUBY_ALIASES" value="libruby.so.2.5 libruby.so" />
          <item key="LIBRUBY_RELATIVE" value="no" />
          <item key="LIBRUBY_SO" value="libruby.so.2.5.1" />
          <item key="LIBRUBY_SONAME" value="libruby.so.2.5" />
          <item key="LIBS" value="-lpthread -ldl -lcrypt -lm " />
          <item key="LN_S" value="ln -s" />
          <item key="MAJOR" value="2" />
          <item key="MAKEDIRS" value="/bin/mkdir -p" />
          <item key="MAKEFILES" value="Makefile GNUmakefile" />
          <item key="MANTYPE" value="man" />
          <item key="MINOR" value="5" />
          <item key="MKDIR_P" value="/bin/mkdir -p" />
          <item key="NM" value="nm" />
          <item key="NULLCMD" value=":" />
          <item key="OBJCOPY" value=":" />
          <item key="OBJDUMP" value="objdump" />
          <item key="OBJEXT" value="o" />
          <item key="OUTFLAG" value="-o " />
          <item key="PACKAGE" value="ruby" />
          <item key="PATCHLEVEL" value="57" />
          <item key="PATH_SEPARATOR" value=":" />
          <item key="PKG_CONFIG" value="pkg-config" />
          <item key="POSTLINK" value=":" />
          <item key="PRELOADENV" value="LD_PRELOAD" />
          <item key="PREP" value="miniruby" />
          <item key="RANLIB" value="ranlib" />
          <item key="RI_BASE_NAME" value="ri" />
          <item key="RM" value="rm -f" />
          <item key="RMALL" value="rm -fr" />
          <item key="RMDIR" value="rmdir --ignore-fail-on-non-empty" />
          <item key="RMDIRS" value="rmdir --ignore-fail-on-non-empty -p" />
          <item key="RPATHFLAG" value=" -Wl,-rpath,%1$-s" />
          <item key="RUBYW_BASE_NAME" value="rubyw" />
          <item key="RUBY_API_VERSION" value="2.5" />
          <item key="RUBY_BASE_NAME" value="ruby" />
          <item key="RUBY_EXEC_PREFIX" value="/usr/local" />
          <item key="RUBY_INSTALL_NAME" value="ruby" />
          <item key="RUBY_LIB_VERSION_STYLE" value="3&#9;/* full */" />
          <item key="RUBY_PROGRAM_VERSION" value="2.5.1" />
          <item key="RUBY_SO_NAME" value="ruby" />
          <item key="RUBY_VERSION_NAME" value="ruby-2.5.0" />
          <item key="SHELL" value="/bin/bash" />
          <item key="SOEXT" value="so" />
          <item key="SOLIBS" value="-lpthread -ldl -lcrypt -lm " />
          <item key="STRIP" value="strip -S -x" />
          <item key="TEENY" value="1" />
          <item key="TEST_RUNNABLE" value="yes" />
          <item key="THREAD_MODEL" value="pthread" />
          <item key="UNICODE_VERSION" value="10.0.0" />
          <item key="USE_RUBYGEMS" value="YES" />
          <item key="WERRORFLAG" value="-Werror" />
          <item key="arch" value="x86_64-linux" />
          <item key="archdir" value="/usr/local/lib/ruby/2.5.0/x86_64-linux" />
          <item key="archincludedir" value="/usr/local/include/x86_64-linux" />
          <item key="archlibdir" value="/usr/local/lib/x86_64-linux" />
          <item key="bindir" value="/usr/local/bin" />
          <item key="build" value="x86_64-pc-linux-gnu" />
          <item key="build_alias" value="x86_64-linux-gnu" />
          <item key="build_cpu" value="x86_64" />
          <item key="build_os" value="linux-gnu" />
          <item key="build_vendor" value="pc" />
          <item key="cflags" value="-O3 -ggdb3 -Wall -Wextra -Wno-unused-parameter -Wno-parentheses -Wno-long-long -Wno-missing-field-initializers -Wno-tautological-compare -Wno-parentheses-equality -Wno-constant-logical-operand -Wno-self-assign -Wunused-variable -Wimplicit-int -Wpointer-arith -Wwrite-strings -Wdeclaration-after-statement -Wimplicit-function-declaration -Wdeprecated-declarations -Wmisleading-indentation -Wno-packed-bitfield-compat -Wsuggest-attribute=noreturn -Wsuggest-attribute=format -Wduplicated-cond -Wno-maybe-uninitialized" />
          <item key="configure_args" value=" '--build=x86_64-linux-gnu' '--disable-install-doc' '--enable-shared' 'build_alias=x86_64-linux-gnu'" />
          <item key="cxxflags" value="-O3 -ggdb3 -Wall -Wextra -Wno-unused-parameter -Wno-parentheses -Wno-long-long -Wno-missing-field-initializers -Wno-tautological-compare -Wno-parentheses-equality -Wno-constant-logical-operand -Wno-self-assign -Wunused-variable -Wimplicit-int -Wpointer-arith -Wwrite-strings -Wdeclaration-after-statement -Wimplicit-function-declaration -Wdeprecated-declarations -Wmisleading-indentation -Wno-packed-bitfield-compat -Wsuggest-attribute=noreturn -Wsuggest-attribute=format -Wduplicated-cond -Wno-maybe-uninitialized" />
          <item key="datadir" value="/usr/local/share" />
          <item key="datarootdir" value="/usr/local/share" />
          <item key="debugflags" value="-ggdb3" />
          <item key="docdir" value="/usr/local/share/doc/ruby" />
          <item key="dvidir" value="/usr/local/share/doc/ruby" />
          <item key="exec" value="exec" />
          <item key="exec_prefix" value="/usr/local" />
          <item key="host" value="x86_64-pc-linux-gnu" />
          <item key="host_cpu" value="x86_64" />
          <item key="host_os" value="linux-gnu" />
          <item key="host_vendor" value="pc" />
          <item key="htmldir" value="/usr/local/share/doc/ruby" />
          <item key="includedir" value="/usr/local/include" />
          <item key="infodir" value="/usr/local/share/info" />
          <item key="libdir" value="/usr/local/lib" />
          <item key="libdirname" value="libdir" />
          <item key="libexecdir" value="/usr/local/libexec" />
          <item key="localedir" value="/usr/local/share/locale" />
          <item key="localstatedir" value="/usr/local/var" />
          <item key="mandir" value="/usr/local/share/man" />
          <item key="oldincludedir" value="/usr/include" />
          <item key="optflags" value="-O3" />
          <item key="pdfdir" value="/usr/local/share/doc/ruby" />
          <item key="prefix" value="/usr/local" />
          <item key="psdir" value="/usr/local/share/doc/ruby" />
          <item key="ridir" value="/usr/local/share/ri" />
          <item key="ruby_install_name" value="ruby" />
          <item key="ruby_pc" value="ruby-2.5.pc" />
          <item key="ruby_version" value="2.5.0" />
          <item key="rubyarchdir" value="/usr/local/lib/ruby/2.5.0/x86_64-linux" />
          <item key="rubyarchhdrdir" value="/usr/local/include/ruby-2.5.0/x86_64-linux" />
          <item key="rubyarchprefix" value="/usr/local/lib/ruby/x86_64-linux" />
          <item key="rubyhdrdir" value="/usr/local/include/ruby-2.5.0" />
          <item key="rubylibdir" value="/usr/local/lib/ruby/2.5.0" />
          <item key="rubylibprefix" value="/usr/local/lib/ruby" />
          <item key="rubysitearchprefix" value="/usr/local/lib/ruby/x86_64-linux" />
          <item key="runstatedir" value="/usr/local/var/run" />
          <item key="sbindir" value="/usr/local/sbin" />
          <item key="setup" value="Setup" />
          <item key="sharedstatedir" value="/usr/local/com" />
          <item key="sitearch" value="x86_64-linux" />
          <item key="sitearchdir" value="/usr/local/lib/ruby/site_ruby/2.5.0/x86_64-linux" />
          <item key="sitearchhdrdir" value="/usr/local/include/ruby-2.5.0/site_ruby/x86_64-linux" />
          <item key="sitearchincludedir" value="/usr/local/include/x86_64-linux" />
          <item key="sitearchlibdir" value="/usr/local/lib/x86_64-linux" />
          <item key="sitedir" value="/usr/local/lib/ruby/site_ruby" />
          <item key="sitehdrdir" value="/usr/local/include/ruby-2.5.0/site_ruby" />
          <item key="sitelibdir" value="/usr/local/lib/ruby/site_ruby/2.5.0" />
          <item key="strict_warnflags" value="-std=gnu99" />
          <item key="sysconfdir" value="/usr/local/etc" />
          <item key="target" value="x86_64-pc-linux-gnu" />
          <item key="target_cpu" value="x86_64" />
          <item key="target_os" value="linux" />
          <item key="target_vendor" value="pc" />
          <item key="topdir" value="/usr/local/lib/ruby/2.5.0/x86_64-linux" />
          <item key="vendorarchdir" value="/usr/local/lib/ruby/vendor_ruby/2.5.0/x86_64-linux" />
          <item key="vendorarchhdrdir" value="/usr/local/include/ruby-2.5.0/vendor_ruby/x86_64-linux" />
          <item key="vendordir" value="/usr/local/lib/ruby/vendor_ruby" />
          <item key="vendorhdrdir" value="/usr/local/include/ruby-2.5.0/vendor_ruby" />
          <item key="vendorlibdir" value="/usr/local/lib/ruby/vendor_ruby/2.5.0" />
          <item key="warnflags" value="-Wall -Wextra -Wno-unused-parameter -Wno-parentheses -Wno-long-long -Wno-missing-field-initializers -Wno-tautological-compare -Wno-parentheses-equality -Wno-constant-logical-operand -Wno-self-assign -Wunused-variable -Wimplicit-int -Wpointer-arith -Wwrite-strings -Wdeclaration-after-statement -Wimplicit-function-declaration -Wdeprecated-declarations -Wmisleading-indentation -Wno-packed-bitfield-compat -Wsuggest-attribute=noreturn -Wsuggest-attribute=format -Wduplicated-cond -Wno-maybe-uninitialized" />
        </RbConfig>
        <GEMS_ROOTS_URLS_ROOT GEMS_ROOTS_URL="file://$USER_HOME$/Library/Caches/RubyMine2019.1/ruby_stubs/1069378095/usr/local/lib/ruby/gems/2.5.0/gems" />
        <GEMS_ROOTS_URLS_ROOT GEMS_ROOTS_URL="file://$USER_HOME$/Library/Caches/RubyMine2019.1/ruby_stubs/1069378095/usr/local/lib/ruby/gems/2.5.0/bundler/gems" />
        <GEMS_ROOTS_URLS_ROOT GEMS_ROOTS_URL="file://$USER_HOME$/Library/Caches/RubyMine2019.1/ruby_stubs/1069378095/usr/local/bundle/gems" />
        <GEMS_ROOTS_URLS_ROOT GEMS_ROOTS_URL="file://$USER_HOME$/Library/Caches/RubyMine2019.1/ruby_stubs/1069378095/usr/local/bundle/bundler/gems" />
        <GEMS_ROOTS_URLS_ROOT GEMS_ROOTS_URL="file://$USER_HOME$/Library/Caches/RubyMine2019.1/ruby_stubs/1069378095/root/.gem/ruby/2.5.0/gems" />
        <GEMS_ROOTS_URLS_ROOT GEMS_ROOTS_URL="file://$USER_HOME$/Library/Caches/RubyMine2019.1/ruby_stubs/1069378095/root/.gem/ruby/2.5.0/bundler/gems" />
        <dockerComposeConfigurationPaths>
          <item value="$USER_HOME$/dev/project/axis_server/docker-compose.yml" />
        </dockerComposeConfigurationPaths>
        <envs />
        <PathMappingSettings>
          <option name="pathMappings">
            <list>
              <mapping local-root="$USER_HOME$/Library/Caches/RubyMine2019.1/ruby_stubs/1069378095/usr/local/lib/ruby/gems/2.5.0/bin" remote-root="/usr/local/lib/ruby/gems/2.5.0/bin" />
              <mapping local-root="$USER_HOME$/Library/Caches/RubyMine2019.1/ruby_stubs/1069378095/usr/local/lib/ruby/gems/2.5.0/gems" remote-root="/usr/local/lib/ruby/gems/2.5.0/gems" />
              <mapping local-root="$USER_HOME$/Library/Caches/RubyMine2019.1/ruby_stubs/1069378095/usr/local/lib/ruby/gems/2.5.0/specifications" remote-root="/usr/local/lib/ruby/gems/2.5.0/specifications" />
              <mapping local-root="$USER_HOME$/Library/Caches/RubyMine2019.1/ruby_stubs/1069378095/usr/local/lib/ruby/gems/2.5.0/bundler" remote-root="/usr/local/lib/ruby/gems/2.5.0/bundler" />
              <mapping local-root="$USER_HOME$/Library/Caches/RubyMine2019.1/ruby_stubs/1069378095/usr/local/bundle/bin" remote-root="/usr/local/bundle/bin" />
              <mapping local-root="$USER_HOME$/Library/Caches/RubyMine2019.1/ruby_stubs/1069378095/usr/local/bundle/gems" remote-root="/usr/local/bundle/gems" />
              <mapping local-root="$USER_HOME$/Library/Caches/RubyMine2019.1/ruby_stubs/1069378095/usr/local/bundle/specifications" remote-root="/usr/local/bundle/specifications" />
              <mapping local-root="$USER_HOME$/Library/Caches/RubyMine2019.1/ruby_stubs/1069378095/usr/local/bundle/bundler" remote-root="/usr/local/bundle/bundler" />
              <mapping local-root="$USER_HOME$/Library/Caches/RubyMine2019.1/ruby_stubs/1069378095/root/.gem/ruby/2.5.0/bin" remote-root="/root/.gem/ruby/2.5.0/bin" />
              <mapping local-root="$USER_HOME$/Library/Caches/RubyMine2019.1/ruby_stubs/1069378095/root/.gem/ruby/2.5.0/gems" remote-root="/root/.gem/ruby/2.5.0/gems" />
              <mapping local-root="$USER_HOME$/Library/Caches/RubyMine2019.1/ruby_stubs/1069378095/root/.gem/ruby/2.5.0/specifications" remote-root="/root/.gem/ruby/2.5.0/specifications" />
              <mapping local-root="$USER_HOME$/Library/Caches/RubyMine2019.1/ruby_stubs/1069378095/root/.gem/ruby/2.5.0/bundler" remote-root="/root/.gem/ruby/2.5.0/bundler" />
              <mapping local-root="$USER_HOME$/Library/Caches/RubyMine2019.1/ruby_stubs/1069378095/usr/local/bundle/bin" remote-root="/usr/local/bundle/bin" />
              <mapping local-root="$USER_HOME$/Library/Caches/RubyMine2019.1/ruby_stubs/1069378095/usr/local/lib/ruby/site_ruby" remote-root="/usr/local/lib/ruby/site_ruby" />
              <mapping local-root="$USER_HOME$/Library/Caches/RubyMine2019.1/ruby_stubs/1069378095/usr/local/lib/ruby/vendor_ruby" remote-root="/usr/local/lib/ruby/vendor_ruby" />
              <mapping local-root="$USER_HOME$/Library/Caches/RubyMine2019.1/ruby_stubs/1069378095/usr/local/lib/ruby/2.5.0" remote-root="/usr/local/lib/ruby/2.5.0" />
              <mapping local-root="$USER_HOME$/dev/project/axis_server" remote-root="/opt/project" />
              <mapping local-root="$USER_HOME$/dev/project/axis_server" remote-root="/opt/project" />
              <mapping local-root="$USER_HOME$/dev/project/axis_server" remote-root="/opt/project" />
              <mapping local-root="$USER_HOME$/dev/project/axis_server" remote-root="/opt/project" />
            </list>
          </option>
        </PathMappingSettings>
        <PathMappingSettings>
          <option name="pathMappings">
            <list>
              <mapping local-root="$USER_HOME$/Library/Caches/RubyMine2019.1/ruby_stubs/1069378095/usr/local/lib/ruby/gems/2.5.0/bin" remote-root="/usr/local/lib/ruby/gems/2.5.0/bin" />
              <mapping local-root="$USER_HOME$/Library/Caches/RubyMine2019.1/ruby_stubs/1069378095/usr/local/lib/ruby/gems/2.5.0/gems" remote-root="/usr/local/lib/ruby/gems/2.5.0/gems" />
              <mapping local-root="$USER_HOME$/Library/Caches/RubyMine2019.1/ruby_stubs/1069378095/usr/local/lib/ruby/gems/2.5.0/specifications" remote-root="/usr/local/lib/ruby/gems/2.5.0/specifications" />
              <mapping local-root="$USER_HOME$/Library/Caches/RubyMine2019.1/ruby_stubs/1069378095/usr/local/lib/ruby/gems/2.5.0/bundler" remote-root="/usr/local/lib/ruby/gems/2.5.0/bundler" />
              <mapping local-root="$USER_HOME$/Library/Caches/RubyMine2019.1/ruby_stubs/1069378095/usr/local/bundle/bin" remote-root="/usr/local/bundle/bin" />
              <mapping local-root="$USER_HOME$/Library/Caches/RubyMine2019.1/ruby_stubs/1069378095/usr/local/bundle/gems" remote-root="/usr/local/bundle/gems" />
              <mapping local-root="$USER_HOME$/Library/Caches/RubyMine2019.1/ruby_stubs/1069378095/usr/local/bundle/specifications" remote-root="/usr/local/bundle/specifications" />
              <mapping local-root="$USER_HOME$/Library/Caches/RubyMine2019.1/ruby_stubs/1069378095/usr/local/bundle/bundler" remote-root="/usr/local/bundle/bundler" />
              <mapping local-root="$USER_HOME$/Library/Caches/RubyMine2019.1/ruby_stubs/1069378095/root/.gem/ruby/2.5.0/bin" remote-root="/root/.gem/ruby/2.5.0/bin" />
              <mapping local-root="$USER_HOME$/Library/Caches/RubyMine2019.1/ruby_stubs/1069378095/root/.gem/ruby/2.5.0/gems" remote-root="/root/.gem/ruby/2.5.0/gems" />
              <mapping local-root="$USER_HOME$/Library/Caches/RubyMine2019.1/ruby_stubs/1069378095/root/.gem/ruby/2.5.0/specifications" remote-root="/root/.gem/ruby/2.5.0/specifications" />
              <mapping local-root="$USER_HOME$/Library/Caches/RubyMine2019.1/ruby_stubs/1069378095/root/.gem/ruby/2.5.0/bundler" remote-root="/root/.gem/ruby/2.5.0/bundler" />
              <mapping local-root="$USER_HOME$/Library/Caches/RubyMine2019.1/ruby_stubs/1069378095/usr/local/bundle/bin" remote-root="/usr/local/bundle/bin" />
              <mapping local-root="$USER_HOME$/Library/Caches/RubyMine2019.1/ruby_stubs/1069378095/usr/local/lib/ruby/site_ruby" remote-root="/usr/local/lib/ruby/site_ruby" />
              <mapping local-root="$USER_HOME$/Library/Caches/RubyMine2019.1/ruby_stubs/1069378095/usr/local/lib/ruby/vendor_ruby" remote-root="/usr/local/lib/ruby/vendor_ruby" />
              <mapping local-root="$USER_HOME$/Library/Caches/RubyMine2019.1/ruby_stubs/1069378095/usr/local/lib/ruby/2.5.0" remote-root="/usr/local/lib/ruby/2.5.0" />
              <mapping local-root="$USER_HOME$/dev/project/axis_server" remote-root="/opt/project" />
              <mapping local-root="$USER_HOME$/dev/project/axis_server" remote-root="/opt/project" />
              <mapping local-root="$USER_HOME$/dev/project/axis_server" remote-root="/opt/project" />
              <mapping local-root="$USER_HOME$/dev/project/axis_server" remote-root="/opt/project" />
            </list>
          </option>
        </PathMappingSettings>
      </additional>
    </jdk>
    <jdk version="2">
      <name value="rbenv: 2.6.2" />
      <type value="RUBY_SDK" />
      <version value="ver.2.6.2p47 ( revision 67232) p47" />
      <homePath value="$USER_HOME$/.rbenv/versions/2.6.2/bin/ruby" />
      <roots>
        <classPath>
          <root type="composite">
            <root url="file://$USER_HOME$/.rbenv/versions/2.6.2/lib/ruby/site_ruby/2.6.0" type="simple" />
            <root url="file://$USER_HOME$/.rbenv/versions/2.6.2/lib/ruby/site_ruby/2.6.0/x86_64-darwin18" type="simple" />
            <root url="file://$USER_HOME$/.rbenv/versions/2.6.2/lib/ruby/site_ruby" type="simple" />
            <root url="file://$USER_HOME$/.rbenv/versions/2.6.2/lib/ruby/vendor_ruby/2.6.0" type="simple" />
            <root url="file://$USER_HOME$/.rbenv/versions/2.6.2/lib/ruby/vendor_ruby/2.6.0/x86_64-darwin18" type="simple" />
            <root url="file://$USER_HOME$/.rbenv/versions/2.6.2/lib/ruby/vendor_ruby" type="simple" />
            <root url="file://$USER_HOME$/.rbenv/versions/2.6.2/lib/ruby/2.6.0" type="simple" />
            <root url="file://$USER_HOME$/.rbenv/versions/2.6.2/lib/ruby/2.6.0/x86_64-darwin18" type="simple" />
            <root url="file://$APPLICATION_HOME_DIR$/rubystubs26" type="simple" />
          </root>
        </classPath>
        <sourcePath>
          <root type="composite">
            <root url="file://$USER_HOME$/.rbenv/versions/2.6.2/lib/ruby/site_ruby/2.6.0" type="simple" />
            <root url="file://$USER_HOME$/.rbenv/versions/2.6.2/lib/ruby/site_ruby/2.6.0/x86_64-darwin18" type="simple" />
            <root url="file://$USER_HOME$/.rbenv/versions/2.6.2/lib/ruby/site_ruby" type="simple" />
            <root url="file://$USER_HOME$/.rbenv/versions/2.6.2/lib/ruby/vendor_ruby/2.6.0" type="simple" />
            <root url="file://$USER_HOME$/.rbenv/versions/2.6.2/lib/ruby/vendor_ruby/2.6.0/x86_64-darwin18" type="simple" />
            <root url="file://$USER_HOME$/.rbenv/versions/2.6.2/lib/ruby/vendor_ruby" type="simple" />
            <root url="file://$USER_HOME$/.rbenv/versions/2.6.2/lib/ruby/2.6.0" type="simple" />
            <root url="file://$USER_HOME$/.rbenv/versions/2.6.2/lib/ruby/2.6.0/x86_64-darwin18" type="simple" />
            <root url="file://$APPLICATION_HOME_DIR$/rubystubs26" type="simple" />
          </root>
        </sourcePath>
      </roots>
      <additional NORMALIZED_VERSION_STRING="ver.2.6.2p47 ( revision 67232) p47" version="1" GEMS_BIN_DIR_PATH="$USER_HOME$/.rbenv/versions/2.6.2/bin">
        <VERSION_MANAGER ID="rbenv">
          <option name="gemset-name" />
          <distribution-id>2.6.2</distribution-id>
          <version-manager-path>/usr/local/bin/rbenv</version-manager-path>
        </VERSION_MANAGER>
        <RbConfig>
          <item key="AR" value="libtool -static" />
          <item key="ARFLAGS" value="-no_warning_for_no_symbols -o " />
          <item key="AS" value="as" />
          <item key="ASMEXT" value="S" />
          <item key="BUILTIN_TRANSSRCS" value=" enc/trans/newline.c" />
          <item key="CC" value="clang" />
          <item key="CCDLFLAGS" value="-fno-common" />
          <item key="CC_VERSION" value="clang --version" />
          <item key="CC_VERSION_MESSAGE" value="Apple LLVM version 10.0.1 (clang-1001.0.46.3)&#10;Target: x86_64-apple-darwin18.5.0&#10;Thread model: posix&#10;InstalledDir: /Library/Developer/CommandLineTools/usr/bin" />
          <item key="CFLAGS" value=" -O3 -Wno-error=shorten-64-to-32  -pipe" />
          <item key="CHDIR" value="cd -P" />
          <item key="CONFIGURE" value="configure" />
          <item key="COUTFLAG" value="-o " />
          <item key="CP" value="cp" />
          <item key="CPP" value="clang -E" />
          <item key="CPPFLAGS" value="-I/Users/1111710/.rbenv/versions/2.6.2/include  -D_XOPEN_SOURCE -D_DARWIN_C_SOURCE -D_DARWIN_UNLIMITED_SELECT -D_REENTRANT  " />
          <item key="CPPOUTFILE" value="-o conftest.i" />
          <item key="CROSS_COMPILING" value="no" />
          <item key="CXX" value="clang++" />
          <item key="CXXFLAGS" value="-O3 -ggdb3 -Wall -Wextra -Wdeclaration-after-statement -Wdeprecated-declarations -Wdivision-by-zero -Wimplicit-function-declaration -Wimplicit-int -Wpointer-arith -Wshorten-64-to-32 -Wwrite-strings -Wmissing-noreturn -Wno-constant-logical-operand -Wno-long-long -Wno-missing-field-initializers -Wno-overlength-strings -Wno-parentheses-equality -Wno-self-assign -Wno-tautological-compare -Wno-unused-parameter -Wno-unused-value -Wunused-variable -Wextra-tokens" />
          <item key="DLDFLAGS" value="-L/Users/1111710/.rbenv/versions/2.6.2/lib  -Wl,-undefined,dynamic_lookup -Wl,-multiply_defined,suppress" />
          <item key="DLDSHARED" value="clang -dynamiclib" />
          <item key="DLEXT" value="bundle" />
          <item key="DLNOBJ" value="dln.o" />
          <item key="ECHO_C" value="\\c" />
          <item key="EGREP" value="/usr/bin/grep -E" />
          <item key="ENABLE_SHARED" value="no" />
          <item key="EXTOUT" value=".ext" />
          <item key="GCC" value="yes" />
          <item key="GIT" value="git" />
          <item key="GNU_LD" value="no" />
          <item key="GREP" value="/usr/bin/grep" />
          <item key="HAVE_GIT" value="yes" />
          <item key="INSTALL" value="/usr/bin/install -c" />
          <item key="INSTALL_DATA" value="/usr/bin/install -c -m 644" />
          <item key="INSTALL_PROGRAM" value="/usr/bin/install -c" />
          <item key="INSTALL_SCRIPT" value="/usr/bin/install -c" />
          <item key="INSTALL_STATIC_LIBRARY" value="yes" />
          <item key="LD" value="ld" />
          <item key="LDFLAGS" value="-L. -L/Users/1111710/.rbenv/versions/2.6.2/lib  -fstack-protector-strong -L/usr/local/lib" />
          <item key="LDSHARED" value="clang -dynamic -bundle" />
          <item key="LDSHAREDXX" value="clang++ -dynamic -bundle" />
          <item key="LIBEXT" value="a" />
          <item key="LIBPATHENV" value="DYLD_FALLBACK_LIBRARY_PATH" />
          <item key="LIBPATHFLAG" value=" -L%s" />
          <item key="LIBRUBY" value="libruby.2.6-static.a" />
          <item key="LIBRUBYARG" value="-lruby.2.6-static -framework Security -framework Foundation -lpthread -ldl -lobjc" />
          <item key="LIBRUBYARG_STATIC" value="-lruby.2.6-static -framework Security -framework Foundation -lpthread -ldl -lobjc" />
          <item key="LIBRUBY_A" value="libruby.2.6-static.a" />
          <item key="LIBRUBY_ALIASES" value="libruby.2.6.dylib" />
          <item key="LIBRUBY_RELATIVE" value="no" />
          <item key="LIBRUBY_SO" value="libruby.2.6.dylib.2.6.2" />
          <item key="LIBRUBY_SONAME" value="libruby.2.6.dylib.2.6" />
          <item key="LINK_SO" value="&#10;dsymutil $@; { test -z '$(RUBY_CODESIGN)' || codesign -s '$(RUBY_CODESIGN)' -f $@; }" />
          <item key="LN_S" value="ln -s" />
          <item key="MAINLIBS" value="-lpthread -ldl -lobjc" />
          <item key="MAJOR" value="2" />
          <item key="MAKEDIRS" value="mkdir -p" />
          <item key="MAKEFILES" value="Makefile GNUmakefile" />
          <item key="MANTYPE" value="doc" />
          <item key="MATHN" value="yes" />
          <item key="MINOR" value="6" />
          <item key="MJIT_SUPPORT" value="yes" />
          <item key="MKDIR_P" value="mkdir -p" />
          <item key="NM" value="nm" />
          <item key="NULLCMD" value=":" />
          <item key="OBJCOPY" value=":" />
          <item key="OBJDUMP" value="objdump" />
          <item key="OBJEXT" value="o" />
          <item key="OUTFLAG" value="-o " />
          <item key="PACKAGE" value="ruby" />
          <item key="PATCHLEVEL" value="47" />
          <item key="PATH_SEPARATOR" value=":" />
          <item key="PKG_CONFIG" value="pkg-config" />
          <item key="POSTLINK" value="dsymutil $@; { test -z '$(RUBY_CODESIGN)' || codesign -s '$(RUBY_CODESIGN)' -f $@; }" />
          <item key="PRELOADENV" value="DYLD_INSERT_LIBRARIES" />
          <item key="PREP" value="miniruby exe/$(PROGRAM)" />
          <item key="RANLIB" value=":" />
          <item key="RI_BASE_NAME" value="ri" />
          <item key="RM" value="rm -f" />
          <item key="RMALL" value="rm -fr" />
          <item key="RMDIR" value="rmdir" />
          <item key="RMDIRS" value="rmdir -p" />
          <item key="RUBYW_BASE_NAME" value="rubyw" />
          <item key="RUBY_API_VERSION" value="2.6" />
          <item key="RUBY_BASE_NAME" value="ruby" />
          <item key="RUBY_EXEC_PREFIX" value="$USER_HOME$/.rbenv/versions/2.6.2" />
          <item key="RUBY_INSTALL_NAME" value="ruby" />
          <item key="RUBY_LIB_VERSION_STYLE" value="3&#9;/* full */" />
          <item key="RUBY_PROGRAM_VERSION" value="2.6.2" />
          <item key="RUBY_SO_NAME" value="ruby.2.6" />
          <item key="RUBY_VERSION_NAME" value="ruby-2.6.0" />
          <item key="SHELL" value="/bin/sh" />
          <item key="SOEXT" value="dylib" />
          <item key="SOLIBS" value="-lpthread -ldl -lobjc" />
          <item key="STRIP" value="strip -A -n" />
          <item key="SYMBOL_PREFIX" value="_" />
          <item key="TEENY" value="2" />
          <item key="TEST_RUNNABLE" value="yes" />
          <item key="THREAD_MODEL" value="pthread" />
          <item key="UNICODE_EMOJI_VERSION" value="12.0" />
          <item key="UNICODE_VERSION" value="12.0.0" />
          <item key="WERRORFLAG" value="-Werror" />
          <item key="arch" value="x86_64-darwin18" />
          <item key="archdir" value="$USER_HOME$/.rbenv/versions/2.6.2/lib/ruby/2.6.0/x86_64-darwin18" />
          <item key="archincludedir" value="$USER_HOME$/.rbenv/versions/2.6.2/include/x86_64-darwin18" />
          <item key="archlibdir" value="$USER_HOME$/.rbenv/versions/2.6.2/lib/x86_64-darwin18" />
          <item key="bindir" value="$USER_HOME$/.rbenv/versions/2.6.2/bin" />
          <item key="build" value="x86_64-apple-darwin18.5.0" />
          <item key="build_cpu" value="x86_64" />
          <item key="build_os" value="darwin18.5.0" />
          <item key="build_vendor" value="apple" />
          <item key="cflags" value="-O3 -ggdb3 -Wall -Wextra -Wdeclaration-after-statement -Wdeprecated-declarations -Wdivision-by-zero -Wimplicit-function-declaration -Wimplicit-int -Wpointer-arith -Wshorten-64-to-32 -Wwrite-strings -Wmissing-noreturn -Wno-constant-logical-operand -Wno-long-long -Wno-missing-field-initializers -Wno-overlength-strings -Wno-parentheses-equality -Wno-self-assign -Wno-tautological-compare -Wno-unused-parameter -Wno-unused-value -Wunused-variable -Wextra-tokens" />
          <item key="codesign" value="codesign" />
          <item key="configure_args" value=" '--prefix=/Users/1111710/.rbenv/versions/2.6.2' '--with-openssl-dir=/usr/local/opt/openssl' 'CC=clang' 'CFLAGS= -O3 -Wno-error=shorten-64-to-32 ' 'LDFLAGS=-L/Users/1111710/.rbenv/versions/2.6.2/lib ' 'CPPFLAGS=-I/Users/1111710/.rbenv/versions/2.6.2/include '" />
          <item key="cxxflags" value="-O3 -ggdb3 -Wall -Wextra -Wdeclaration-after-statement -Wdeprecated-declarations -Wdivision-by-zero -Wimplicit-function-declaration -Wimplicit-int -Wpointer-arith -Wshorten-64-to-32 -Wwrite-strings -Wmissing-noreturn -Wno-constant-logical-operand -Wno-long-long -Wno-missing-field-initializers -Wno-overlength-strings -Wno-parentheses-equality -Wno-self-assign -Wno-tautological-compare -Wno-unused-parameter -Wno-unused-value -Wunused-variable -Wextra-tokens" />
          <item key="datadir" value="$USER_HOME$/.rbenv/versions/2.6.2/share" />
          <item key="datarootdir" value="$USER_HOME$/.rbenv/versions/2.6.2/share" />
          <item key="debugflags" value="-ggdb3" />
          <item key="docdir" value="$USER_HOME$/.rbenv/versions/2.6.2/share/doc/ruby" />
          <item key="dsymutil" value="dsymutil" />
          <item key="dvidir" value="$USER_HOME$/.rbenv/versions/2.6.2/share/doc/ruby" />
          <item key="exec" value="exec" />
          <item key="exec_prefix" value="$USER_HOME$/.rbenv/versions/2.6.2" />
          <item key="host" value="x86_64-apple-darwin18.5.0" />
          <item key="host_cpu" value="x86_64" />
          <item key="host_os" value="darwin18.5.0" />
          <item key="host_vendor" value="apple" />
          <item key="htmldir" value="$USER_HOME$/.rbenv/versions/2.6.2/share/doc/ruby" />
          <item key="includedir" value="$USER_HOME$/.rbenv/versions/2.6.2/include" />
          <item key="infodir" value="$USER_HOME$/.rbenv/versions/2.6.2/share/info" />
          <item key="libdir" value="$USER_HOME$/.rbenv/versions/2.6.2/lib" />
          <item key="libdirname" value="libdir" />
          <item key="libexecdir" value="$USER_HOME$/.rbenv/versions/2.6.2/libexec" />
          <item key="localedir" value="$USER_HOME$/.rbenv/versions/2.6.2/share/locale" />
          <item key="localstatedir" value="$USER_HOME$/.rbenv/versions/2.6.2/var" />
          <item key="mandir" value="$USER_HOME$/.rbenv/versions/2.6.2/share/man" />
          <item key="oldincludedir" value="/usr/include" />
          <item key="optflags" value="-O3" />
          <item key="pdfdir" value="$USER_HOME$/.rbenv/versions/2.6.2/share/doc/ruby" />
          <item key="prefix" value="$USER_HOME$/.rbenv/versions/2.6.2" />
          <item key="psdir" value="$USER_HOME$/.rbenv/versions/2.6.2/share/doc/ruby" />
          <item key="ridir" value="$USER_HOME$/.rbenv/versions/2.6.2/share/ri" />
          <item key="ruby_install_name" value="ruby" />
          <item key="ruby_pc" value="ruby-2.6.pc" />
          <item key="ruby_version" value="2.6.0" />
          <item key="rubyarchdir" value="$USER_HOME$/.rbenv/versions/2.6.2/lib/ruby/2.6.0/x86_64-darwin18" />
          <item key="rubyarchhdrdir" value="$USER_HOME$/.rbenv/versions/2.6.2/include/ruby-2.6.0/x86_64-darwin18" />
          <item key="rubyarchprefix" value="$USER_HOME$/.rbenv/versions/2.6.2/lib/ruby/x86_64-darwin18" />
          <item key="rubyhdrdir" value="$USER_HOME$/.rbenv/versions/2.6.2/include/ruby-2.6.0" />
          <item key="rubylibdir" value="$USER_HOME$/.rbenv/versions/2.6.2/lib/ruby/2.6.0" />
          <item key="rubylibprefix" value="$USER_HOME$/.rbenv/versions/2.6.2/lib/ruby" />
          <item key="rubysitearchprefix" value="$USER_HOME$/.rbenv/versions/2.6.2/lib/ruby/x86_64-darwin18" />
          <item key="sbindir" value="$USER_HOME$/.rbenv/versions/2.6.2/sbin" />
          <item key="setup" value="Setup" />
          <item key="sharedstatedir" value="$USER_HOME$/.rbenv/versions/2.6.2/com" />
          <item key="sitearch" value="x86_64-darwin18" />
          <item key="sitearchdir" value="$USER_HOME$/.rbenv/versions/2.6.2/lib/ruby/site_ruby/2.6.0/x86_64-darwin18" />
          <item key="sitearchhdrdir" value="$USER_HOME$/.rbenv/versions/2.6.2/include/ruby-2.6.0/site_ruby/x86_64-darwin18" />
          <item key="sitearchincludedir" value="$USER_HOME$/.rbenv/versions/2.6.2/include/x86_64-darwin18" />
          <item key="sitearchlibdir" value="$USER_HOME$/.rbenv/versions/2.6.2/lib/x86_64-darwin18" />
          <item key="sitedir" value="$USER_HOME$/.rbenv/versions/2.6.2/lib/ruby/site_ruby" />
          <item key="sitehdrdir" value="$USER_HOME$/.rbenv/versions/2.6.2/include/ruby-2.6.0/site_ruby" />
          <item key="sitelibdir" value="$USER_HOME$/.rbenv/versions/2.6.2/lib/ruby/site_ruby/2.6.0" />
          <item key="sysconfdir" value="$USER_HOME$/.rbenv/versions/2.6.2/etc" />
          <item key="target" value="x86_64-apple-darwin18" />
          <item key="target_cpu" value="x86_64" />
          <item key="target_os" value="darwin18" />
          <item key="target_vendor" value="apple" />
          <item key="topdir" value="$USER_HOME$/.rbenv/versions/2.6.2/lib/ruby/2.6.0/x86_64-darwin18" />
          <item key="vendorarchdir" value="$USER_HOME$/.rbenv/versions/2.6.2/lib/ruby/vendor_ruby/2.6.0/x86_64-darwin18" />
          <item key="vendorarchhdrdir" value="$USER_HOME$/.rbenv/versions/2.6.2/include/ruby-2.6.0/vendor_ruby/x86_64-darwin18" />
          <item key="vendordir" value="$USER_HOME$/.rbenv/versions/2.6.2/lib/ruby/vendor_ruby" />
          <item key="vendorhdrdir" value="$USER_HOME$/.rbenv/versions/2.6.2/include/ruby-2.6.0/vendor_ruby" />
          <item key="vendorlibdir" value="$USER_HOME$/.rbenv/versions/2.6.2/lib/ruby/vendor_ruby/2.6.0" />
          <item key="warnflags" value="-Wall -Wextra -Wdeclaration-after-statement -Wdeprecated-declarations -Wdivision-by-zero -Wimplicit-function-declaration -Wimplicit-int -Wpointer-arith -Wshorten-64-to-32 -Wwrite-strings -Wmissing-noreturn -Wno-constant-logical-operand -Wno-long-long -Wno-missing-field-initializers -Wno-overlength-strings -Wno-parentheses-equality -Wno-self-assign -Wno-tautological-compare -Wno-unused-parameter -Wno-unused-value -Wunused-variable -Wextra-tokens" />
        </RbConfig>
      </additional>
    </jdk>
  </component>
</application>